timestamp,price_yes,spread_cost,combined_cost,is_arbitrage,window_id
2024-11-20 14:30:00+00:00,0.559141512392633,0.4800246030671496,1.0391661154597827,False,-1
2024-11-20 14:31:00+00:00,0.5188004768127852,0.48597491075016935,1.0047753875629546,False,-1
2024-11-20 14:32:00+00:00,0.5725135358741937,0.47451724289275565,1.0470307787669495,False,-1
2024-11-20 14:33:00+00:00,0.5782169414917364,0.4621881632248545,1.040405104716591,False,-1
2024-11-20 14:34:00+00:00,0.49146894434038496,0.4709065842965655,0.9623755286369504,True,2
2024-11-20 14:35:00+00:00,0.5109346147941305,0.46016706890007075,0.9711016836942012,True,2
2024-11-20 14:36:00+00:00,0.5538352120950186,0.4812028720519487,1.0350380841469673,False,-1
2024-11-20 14:37:00+00:00,0.5405127222296926,0.5068043049110906,1.0473170271407832,False,-1
2024-11-20 14:38:00+00:00,0.5494959652748714,0.4701558696289734,1.0196518349038448,False,-1
2024-11-20 14:39:00+00:00,0.5244086821727927,0.4675905020036012,0.9919991841763939,True,4
2024-11-20 14:40:00+00:00,0.5763819392458849,0.48979684100370396,1.0661787802495888,False,-1
2024-11-20 14:41:00+00:00,0.5733337580628685,0.4871377401632012,1.0604714982260697,False,-1
2024-11-20 14:42:00+00:00,0.5519809209268365,0.48210828497995795,1.0340892059067945,False,-1
2024-11-20 14:43:00+00:00,0.583817236209041,0.4613906391058359,1.045207875314877,False,-1
2024-11-20 14:44:00+00:00,0.5640252802675614,0.4794149635507345,1.043440243818296,False,-1
2024-11-20 14:45:00+00:00,0.5242212261135029,0.49390606388916575,1.0181272900026686,False,-1
2024-11-20 14:46:00+00:00,0.561062523522475,0.4531157090542983,1.0141782325767732,False,-1
2024-11-20 14:47:00+00:00,0.5212335219751301,0.47084768477919564,0.9920812067543257,True,6
2024-11-20 14:48:00+00:00,0.5763535090392182,0.4419755452039831,1.0183290542432013,False,-1
2024-11-20 14:49:00+00:00,0.5485022226704125,0.45420924520430045,1.0027114678747129,False,-1
2024-11-20 14:50:00+00:00,0.5444541290936422,0.4431652992441653,0.9876194283378075,True,8
2024-11-20 14:51:00+00:00,0.5295721136678818,0.4752981773785064,1.0048702910463883,False,-1
2024-11-20 14:52:00+00:00,0.5866762401602209,0.4546510703711259,1.0413273105313468,False,-1
2024-11-20 14:53:00+00:00,0.545364115537936,0.485425287176434,1.03078940271437,False,-1
2024-11-20 14:54:00+00:00,0.5371501653351068,0.48313502173248446,1.0202851870675913,False,-1
2024-11-20 14:55:00+00:00,0.5394359934853532,0.4762613811074009,1.015697374592754,False,-1
2024-11-20 14:56:00+00:00,0.5659692755666005,0.42966480578358973,0.9956340813501903,True,10
2024-11-20 14:57:00+00:00,0.5609633219309224,0.46922614208306723,1.0301894640139895,False,-1
2024-11-20 14:58:00+00:00,0.5623819783478797,0.47902998109197853,1.0414119594398583,False,-1
2024-11-20 14:59:00+00:00,0.5629246300902365,0.48226617972006613,1.0451908098103027,False,-1
2024-11-20 15:00:00+00:00,0.6142494280261139,0.4493972846898921,1.063646712716006,False,-1
2024-11-20 15:01:00+00:00,0.5378075495084615,0.47044493447932134,1.0082524839877829,False,-1
2024-11-20 15:02:00+00:00,0.534632718127854,0.4604296184388672,0.9950623365667212,True,12
2024-11-20 15:03:00+00:00,0.5255868181525637,0.463823255211488,0.9894100733640516,True,12
2024-11-20 15:04:00+00:00,0.5684793826772649,0.5012179724677216,1.0696973551449864,False,-1
2024-11-20 15:05:00+00:00,0.5838691687816268,0.46384930649336203,1.0477184752749888,False,-1
2024-11-20 15:06:00+00:00,0.5465815762703538,0.47934956590108957,1.0259311421714434,False,-1
2024-11-20 15:07:00+00:00,0.5247953056911242,0.49768779734766344,1.0224831030387875,False,-1
2024-11-20 15:08:00+00:00,0.5252655635292629,0.4683279913451339,0.9935935548743968,True,14
2024-11-20 15:09:00+00:00,0.569517783634741,0.4777659610083168,1.0472837446430578,False,-1
2024-11-20 15:10:00+00:00,0.5722976251361033,0.4822092828649896,1.054506908001093,False,-1
2024-11-20 15:11:00+00:00,0.5662946280491559,0.4812756354851012,1.047570263534257,False,-1
2024-11-20 15:12:00+00:00,0.5300347087813392,0.45549888347164613,0.9855335922529853,True,16
2024-11-20 15:13:00+00:00,0.5569648396920016,0.48152280460754016,1.0384876442995417,False,-1
2024-11-20 15:14:00+00:00,0.553500574274222,0.5071764684348308,1.0606770427090528,False,-1
2024-11-20 15:15:00+00:00,0.5565606579018705,0.44905710643743035,1.0056177643393007,False,-1
2024-11-20 15:16:00+00:00,0.5761428633384458,0.49718765376043195,1.0733305170988778,False,-1
2024-11-20 15:17:00+00:00,0.5567078664632406,0.4823870805139316,1.0390949469771722,False,-1
2024-11-20 15:18:00+00:00,0.5703674068921569,0.46717059211785555,1.0375379990100124,False,-1
2024-11-20 15:19:00+00:00,0.5520273720846668,0.5200083309268484,1.0720357030115153,False,-1
2024-11-20 15:20:00+00:00,0.38976502507378136,0.40089306485769055,0.7906580899314719,True,18
2024-11-20 15:21:00+00:00,0.4017927563495632,0.39408971647143726,0.7958824728210004,True,18
2024-11-20 15:22:00+00:00,0.40219996683971765,0.39881390176122306,0.8010138686009407,True,18
2024-11-20 15:23:00+00:00,0.4135918757524044,0.3800225370709295,0.7936144128233339,True,18
2024-11-20 15:24:00+00:00,0.4083511124591458,0.3886859252947694,0.7970370377539152,True,18
2024-11-20 15:25:00+00:00,0.40356871059149513,0.40362839799188754,0.8071971085833827,True,18
2024-11-20 15:26:00+00:00,0.41463302891219567,0.3787143295817786,0.7933473584939743,True,18
2024-11-20 15:27:00+00:00,0.3881123694567715,0.40846608521481165,0.7965784546715832,True,18
2024-11-20 15:28:00+00:00,0.39360248467250253,0.38253903524626093,0.7761415199187635,True,18
2024-11-20 15:29:00+00:00,0.39073424058594475,0.4075673850266427,0.7983016256125874,True,18
2024-11-20 15:30:00+00:00,0.39610190196844236,0.3915450296712068,0.7876469316396492,True,18
2024-11-20 15:31:00+00:00,0.3862331385244369,0.40778991084342464,0.7940230493678615,True,18
2024-11-20 15:32:00+00:00,0.4063515094681441,0.40130951207584803,0.8076610215439921,True,18
2024-11-20 15:33:00+00:00,0.3977777730290123,0.38463165059708515,0.7824094236260974,True,18
2024-11-20 15:34:00+00:00,0.38529193705497344,0.41249148749558456,0.797783424550558,True,18
2024-11-20 15:35:00+00:00,0.3898442091879246,0.4144170715552261,0.8042612807431507,True,18
2024-11-20 15:36:00+00:00,0.403135138474502,0.39934195093999797,0.8024770894144999,True,18
2024-11-20 15:37:00+00:00,0.40838126567894384,0.3972608372782768,0.8056421029572207,True,18
2024-11-20 15:38:00+00:00,0.4199673089169179,0.3984013303402937,0.8183686392572116,True,18
2024-11-20 15:39:00+00:00,0.4291386246600733,0.3902484767722126,0.8193871014322859,True,18
2024-11-20 15:40:00+00:00,0.5117294102998624,0.4929380684514684,1.0046674787513308,False,-1
2024-11-20 15:41:00+00:00,0.5160013835798957,0.44015160431651007,0.9561529878964057,True,20
2024-11-20 15:42:00+00:00,0.5224164314199518,0.47073660270095263,0.9931530341209044,True,20
2024-11-20 15:43:00+00:00,0.5649148223216129,0.4780542614865982,1.042969083808211,False,-1
2024-11-20 15:44:00+00:00,0.554272772082117,0.5051402995457364,1.0594130716278534,False,-1
2024-11-20 15:45:00+00:00,0.5707145606220331,0.4937880780114151,1.0645026386334482,False,-1
2024-11-20 15:46:00+00:00,0.5371824206099041,0.47345573159555604,1.0106381522054602,False,-1
2024-11-20 15:47:00+00:00,0.5547561907323014,0.4726284821180008,1.0273846728503022,False,-1
2024-11-20 15:48:00+00:00,0.5687677118190202,0.4749960919896415,1.0437638038086616,False,-1
2024-11-20 15:49:00+00:00,0.5407196038083929,0.5104705880091231,1.0511901918175162,False,-1
2024-11-20 15:50:00+00:00,0.5637032571267224,0.47143950114854266,1.035142758275265,False,-1
2024-11-20 15:51:00+00:00,0.5301422217680005,0.4739263922327054,1.004068614000706,False,-1
2024-11-20 15:52:00+00:00,0.5391083846030479,0.4870517813457053,1.0261601659487531,False,-1
2024-11-20 15:53:00+00:00,0.5385478631800502,0.4775845910982709,1.016132454278321,False,-1
2024-11-20 15:54:00+00:00,0.5141248106323288,0.47605431544068555,0.9901791260730144,True,22
2024-11-20 15:55:00+00:00,0.5646091744235675,0.45771865713697885,1.0223278315605464,False,-1
2024-11-20 15:56:00+00:00,0.5359179297939183,0.47976957063922904,1.0156875004331474,False,-1
2024-11-20 15:57:00+00:00,0.5503748235618307,0.4711283755405116,1.0215031991023422,False,-1
2024-11-20 15:58:00+00:00,0.5644223997671773,0.5033225555238044,1.0677449552909817,False,-1
2024-11-20 15:59:00+00:00,0.5633959352808984,0.49306177005402324,1.0564577053349216,False,-1
2024-11-20 16:00:00+00:00,0.5699615532691836,0.4795171277398013,1.049478681008985,False,-1
2024-11-20 16:01:00+00:00,0.5470454354647173,0.4933676204653469,1.0404130559300642,False,-1
2024-11-20 16:02:00+00:00,0.5373010506386754,0.473202608965737,1.0105036596044124,False,-1
2024-11-20 16:03:00+00:00,0.5476084536728081,0.5010425271685389,1.0486509808413471,False,-1
2024-11-20 16:04:00+00:00,0.49937996698125914,0.47989200878656746,0.9792719757678265,True,24
2024-11-20 16:05:00+00:00,0.5065866258273074,0.4916676470836083,0.9982542729109156,True,24
2024-11-20 16:06:00+00:00,0.510319011629368,0.4541821350935302,0.9645011467228982,True,24
2024-11-20 16:07:00+00:00,0.5200825951719555,0.4869336009775686,1.007016196149524,False,-1
2024-11-20 16:08:00+00:00,0.5619932268017032,0.4462359176526691,1.0082291444543723,False,-1
2024-11-20 16:09:00+00:00,0.5228356283391982,0.43929342110120134,0.9621290494403996,True,26
2024-11-20 16:10:00+00:00,0.5386551233788184,0.47391046244577123,1.0125655858245897,False,-1
2024-11-20 16:11:00+00:00,0.588976848933582,0.4620014478480281,1.0509782967816101,False,-1
2024-11-20 16:12:00+00:00,0.5393120808681573,0.4832810559142444,1.0225931367824017,False,-1
2024-11-20 16:13:00+00:00,0.5721254670540127,0.524895132529721,1.0970205995837337,False,-1
2024-11-20 16:14:00+00:00,0.5219914695997038,0.46336553637175837,0.9853570059714621,True,28
2024-11-20 16:15:00+00:00,0.5438368732639711,0.46752112827112186,1.011358001535093,False,-1
2024-11-20 16:16:00+00:00,0.5214993383526826,0.484108078921294,1.0056074172739766,False,-1
2024-11-20 16:17:00+00:00,0.5398290077229831,0.4898602658282471,1.0296892735512302,False,-1
2024-11-20 16:18:00+00:00,0.5752092441237219,0.47647187868188484,1.0516811228056067,False,-1
2024-11-20 16:19:00+00:00,0.4981803873042296,0.4758813933949356,0.9740617806991652,True,30
2024-11-20 16:20:00+00:00,0.5630327093063757,0.4940492591024109,1.0570819684087867,False,-1
2024-11-20 16:21:00+00:00,0.5571320680699684,0.49039815274067794,1.0475302208106463,False,-1
2024-11-20 16:22:00+00:00,0.5321755013290962,0.4593264833585262,0.9915019846876224,True,32
2024-11-20 16:23:00+00:00,0.5066182643683464,0.47841637362768313,0.9850346379960295,True,32
2024-11-20 16:24:00+00:00,0.5521638852314161,0.4807057369732295,1.0328696222046456,False,-1
2024-11-20 16:25:00+00:00,0.534115218728086,0.4589103075590178,0.9930255262871037,True,34
2024-11-20 16:26:00+00:00,0.5569802863406411,0.48519678201348726,1.0421770683541283,False,-1
2024-11-20 16:27:00+00:00,0.5506555643657033,0.4628408704564691,1.0134964348221724,False,-1
2024-11-20 16:28:00+00:00,0.5980533667396275,0.49944133415834085,1.0974947008979683,False,-1
2024-11-20 16:29:00+00:00,0.5428193311758093,0.4838549182521014,1.0266742494279106,False,-1
